{"duration": 0.07105064392089844, "input_args": {"filename": "'satimage.scale.val'"}, "time": 1718555881.6417696}