{"duration": 0.15523600578308105, "input_args": {"filename": "'satimage.scale.tr'"}, "time": 1718555881.5696764}