{"duration": 0.09424424171447754, "input_args": {"filename": "'satimage.scale.t'"}, "time": 1718555881.7378213}